
-- Пользователи
INSERT INTO users (id, name, email) VALUES
(1, 'Иван Петров', 'ivan.petrov@example.com'),
(2, 'Мария Сидорова', 'maria.sidorova@mail.ru'),
(3, 'Алексей Иванов', 'alex.ivanov@gmail.com');

-- Запросы
INSERT INTO requests (id, description, requestor_id, created) VALUES
(1, 'Нужна дрель для ремонта', 2, '2025-06-01 10:00:00'),
(2, 'Ищу лопату для дачи', 1, '2025-06-02 15:30:00'),
(3, 'Требуется палатка для похода', 3, '2025-06-03 09:15:00');

-- Вещи
INSERT INTO items (id, name, description, available, owner_id, request_id) VALUES
(1, 'Дрель', 'Аккумуляторная дрель', true, 1, 1),
(2, 'Лопата', 'Совковая лопата', true, 2, 2),
(3, 'Палатка', '4-местная палатка', false, 3, 3),
(4, 'Рогатка', 'Деревянная рогатка', true, 2, null);

-- Бронирования
INSERT INTO booking (id, start_time, end_time, item_id, booker_id, status) VALUES
(1, '2025-06-10 09:00:00', '2025-06-12 18:00:00', 1, 2, 'APPROVED'),
(2, '2025-06-15 10:00:00', '2025-06-20 20:00:00', 2, 3, 'WAITING'),
(3, '2025-07-01 08:00:00', '2025-07-10 22:00:00', 3, 1, 'REJECTED'),
(4, '2025-05-01 08:00:00', '2025-05-10 22:00:00', 4, 1, 'APPROVED'),
(5, '2025-04-01 08:00:00', '2025-04-10 22:00:00', 1, 2, 'APPROVED');

-- Комментарии
INSERT INTO comments (id, text, item_id, author_id, created) VALUES
(1, 'Отличная дрель, спасибо!', 1, 2, '2025-06-13 11:20:00'),
(2, 'Лопата немного старая, но работает', 2, 3, '2025-06-21 14:30:00'),
(3, 'Палатка с небольшим дефектом', 3, 1, '2025-07-11 10:15:00'),
(4, 'Рогатка как рогатка', 4, 1, '2025-07-12 10:15:00'),
(5, 'Дрель норм', 1, 2, '2025-07-13 10:15:00');